alpha1584919119326,54,m,graduate,4-8,"Mozilla/5.0 (iPhone; CPU iPhone OS 12_4_5 like Mac OS X) AppleWebKit/605.1.15 (KHTML, like Gecko) Mobile/15E148 [FBAN/FBIOS;FBDV/iPhone7,2;FBMD/iPhone;FBSN/iOS;FBSV/12.4.5;FBSS/2;FBID/phone;FBLC/en_US;FBOP/5;FBCR/Verizon]",1584919314513,1584919323556,00:09.7,,clipboard,0,0,0,1584919324911,00:11.2,clipboard,clipboard,1,1,1000,1584919356258,00:45.2,contacts,,1,1,1000,1584919357274,00:46.3,contacts,contacts,2,2,2000,1584919362880,00:52.4,video,,2,2,2000,1584919365342,00:55.1,video,video,3,3,3000,1584919370697,01:00.8,,"bus route",3,3,3000,1584919373345,01:03.7,"bus route","bus route",4,4,4000,1584919382357,01:13.5,,security,4,4,4000,1584919393158,01:25.3,security,security,5,5,5000,1584919397342,01:29.8,,directions,5,5,5000,1584919398775,01:31.4,swap,directions,5,6,4750,1584919403346,01:36.3,,directions,5,6,4750,1584919410735,01:44.4,,swap,5,6,4750,1584919411549,01:45.3,swap,swap,6,7,5750,1584919414954,01:49.0,,directions,6,7,5750,1584919415791,01:49.8,directions,directions,7,8,6750,1584919418496,01:52.8,,payment,7,8,6750,1584919418998,01:53.4,payment,payment,8,9,7750,1584919424239,01:59.1,,"cloud upload",8,9,7750,1584919425243,02:00.2,"cloud upload","cloud upload",9,10,8750,1584919426056,02:01.1,,flash,9,10,8750,1584919426707,02:01.7,flash,flash,10,11,9750,1584919428941,02:04.2,,"location marker",10,11,9750,1584919430706,02:06.1,"location marker","location marker",11,12,10750,1584919436230,02:12.1,,"take photo",11,12,10750,1584919437145,02:13.1,"take photo","take photo",12,13,11750,1584919442330,02:18.7,search,,12,13,11750,1584919444879,02:21.5,search,search,13,14,12750,1584919446396,02:23.2,,comments,13,14,12750,1584919447062,02:23.8,comments,comments,14,15,13750,1584919449204,02:26.2,favorite,,14,15,13750,1584919450229,02:27.3,favorite,favorite,15,16,14750,1584919455958,02:33.5,,"language settings",15,16,14750,1584919457128,02:34.8,"language settings","language settings",16,17,15750,1584919458550,02:36.4,,"external link",16,17,15750,1584919460038,02:38.0,"external link","external link",17,18,16750,1584919460874,02:38.8,edit,,17,18,16750,1584919463005,02:41.2,edit,edit,18,19,17750
alpha1584919119326,54,m,graduate,4-8,"Mozilla/5.0 (iPhone; CPU iPhone OS 12_4_5 like Mac OS X) AppleWebKit/605.1.15 (KHTML, like Gecko) Mobile/15E148 [FBAN/FBIOS;FBDV/iPhone7,2;FBMD/iPhone;FBSN/iOS;FBSV/12.4.5;FBSS/2;FBID/phone;FBLC/en_US;FBOP/5;FBCR/Verizon]",1584919481056,1584919488670,00:07.1,"take photo",,0,0,0,1584919489509,00:08.0,"take photo","take photo",1,1,1000,1584919496851,00:16.0,contacts,,1,1,1000,1584919497503,00:16.7,contacts,contacts,2,2,2000,1584919512826,00:33.4,,power,2,2,2000,1584919514928,00:35.6,power,power,3,3,3000,1584919517382,00:38.3,,edit,3,3,3000,1584919518384,00:39.4,edit,edit,4,4,4000,1584919524436,00:46.1,,"location arrow",4,4,4000,1584919525236,00:46.8,"location arrow","location arrow",5,5,5000,1584919531187,00:53.4,,"file download",5,5,5000,1584919532286,00:54.5,"file download","file download",6,6,6000,1584919536387,00:59.0,,announcement,6,6,6000,1584919537357,01:00.1,announcement,announcement,7,7,7000,1584919541159,01:04.2,,ratings,7,7,7000,1584919541744,01:04.8,ratings,ratings,8,8,8000,1584919544975,01:08.3,money,,8,8,8000,1584919546573,01:10.1,money,money,9,9,9000,1584919557333,01:21.7,,"language settings",9,9,9000,1584919557889,01:22.4,"language settings","language settings",10,10,10000,1584919560035,01:24.7,,calendar,10,10,10000,1584919561685,01:26.5,"table view",calendar,10,11,9750,1584919565585,01:30.7,calendar,,10,11,9750,1584919566819,01:32.1,calendar,calendar,11,12,10750,1584919573155,01:39.0,,comments,11,12,10750,1584919573927,01:39.8,comments,comments,12,13,11750,1584919581931,01:48.5,sign-in,,12,13,11750,1584919584079,01:50.8,sign-in,sign-in,13,14,12750,1584919589164,01:56.4,,"table view",13,14,12750,1584919589615,01:56.8,"table view","table view",14,15,13750,1584919592569,02:00.1,minimize,,14,15,13750,1584919596851,02:04.7,minimize,minimize,15,16,14750,1584919599753,02:08.0,,"grip lines",15,16,14750,1584919600288,02:08.5,"grip lines","grip lines",16,17,15750,1584919603222,02:11.6,visibile,,16,17,15750,1584919603676,02:12.2,visibile,"street view",16,18,15500,1584919606971,02:15.7,,visibile,16,18,15500,1584919608343,02:17.2,visibile,visibile,17,19,16500,1584919609173,02:18.1,,"street view",17,19,16500,1584919609541,02:18.5,"street view","street view",18,20,17500
alpha1584919119326,54,m,graduate,4-8,"Mozilla/5.0 (iPhone; CPU iPhone OS 12_4_5 like Mac OS X) AppleWebKit/605.1.15 (KHTML, like Gecko) Mobile/15E148 [FBAN/FBIOS;FBDV/iPhone7,2;FBMD/iPhone;FBSN/iOS;FBSV/12.4.5;FBSS/2;FBID/phone;FBLC/en_US;FBOP/5;FBCR/Verizon]",1584919614464,1584919621981,00:07.0,,swap,0,0,0,1584919624850,00:10.1,swap,swap,1,1,1000,1584919625469,00:10.7,"cloud upload",,1,1,1000,1584919626820,00:12.3,"cloud upload","cloud upload",2,2,2000,1584919628131,00:13.6,,search,2,2,2000,1584919628918,00:14.5,search,search,3,3,3000,1584919629665,00:15.3,,calendar,3,3,3000,1584919630423,00:16.2,calendar,calendar,4,4,4000,1584919636503,00:22.7,,"grip lines",4,4,4000,1584919637454,00:23.8,"grip lines","grip lines",5,5,5000,1584919645243,00:32.3,"table view",,5,5,5000,1584919645794,00:32.8,"table view","table view",6,6,6000,1584919655865,00:43.8,,video,6,6,6000,1584919657518,00:45.6,video,video,7,7,7000,1584919658165,00:46.4,,money,7,7,7000,1584919659000,00:47.3,money,money,8,8,8000,1584919661531,00:50.1,,clipboard,8,8,8000,1584919662770,00:51.4,paste,clipboard,8,9,7750,1584919668170,00:57.3,,announcement,8,9,7750,1584919670879,01:00.2,announcement,announcement,9,10,8750,1584919674773,01:04.4,,donate,9,10,8750,1584919677643,01:07.5,donate,donate,10,11,9750,1584919680893,01:11.1,,menu,10,11,9750,1584919681543,01:11.7,menu,menu,11,12,10750,1584919687265,01:18.0,,"help & support",11,12,10750,1584919688713,01:19.6,"help & support","help & support",12,13,11750,1584919692834,01:24.1,,clipboard,12,13,11750,1584919694803,01:26.2,clipboard,clipboard,13,14,12750,1584919702796,01:34.8,paste,,13,14,12750,1584919703285,01:35.4,paste,paste,14,15,13750,1584919706603,01:39.0,,notifications,14,15,13750,1584919707204,01:39.6,notifications,notifications,15,16,14750,1584919712294,01:45.2,,sign-in,15,16,14750,1584919716797,01:50.1,sign-in,sign-in,16,17,15750,1584919717962,01:51.3,connectivity,,16,17,15750,1584919720262,01:53.8,connectivity,connectivity,17,18,16750,1584919721780,01:55.5,,minimize,17,18,16750,1584919722362,01:56.1,minimize,minimize,18,19,17750
alpha1584919119326,54,m,graduate,4-8,"Mozilla/5.0 (iPhone; CPU iPhone OS 12_4_5 like Mac OS X) AppleWebKit/605.1.15 (KHTML, like Gecko) Mobile/15E148 [FBAN/FBIOS;FBDV/iPhone7,2;FBMD/iPhone;FBSN/iOS;FBSV/12.4.5;FBSS/2;FBID/phone;FBLC/en_US;FBOP/5;FBCR/Verizon]",1584919738076,1584919741373,00:02.4,,announcement,0,0,0,1584919742430,00:03.5,announcement,announcement,1,1,1000,1584919753167,00:15.3,,contacts,1,1,1000,1584919755413,00:17.6,contacts,contacts,2,2,2000,1584919756486,00:18.8,,clipboard,2,2,2000,1584919757499,00:20.0,clipboard,clipboard,3,3,3000,1584919760880,00:23.6,,donate,3,3,3000,1584919761904,00:24.7,donate,donate,4,4,4000,1584919770171,00:33.7,,video,4,4,4000,1584919771236,00:34.8,video,video,5,5,5000,1584919773971,00:37.8,,"location marker",5,5,5000,1584919774690,00:38.6,"location marker","location marker",6,6,6000,1584919778175,00:42.4,,money,6,6,6000,1584919779292,00:43.6,money,money,7,7,7000,1584919787644,00:52.7,,"shopping cart",7,7,7000,1584919788384,00:53.5,"shopping cart","shopping cart",8,8,8000,1584919795630,01:01.4,,connectivity,8,8,8000,1584919797689,01:03.6,connectivity,connectivity,9,9,9000,1584919798936,01:05.0,,visibile,9,9,9000,1584919799918,01:06.1,visibile,visibile,10,10,10000,1584919800650,01:06.8,,user,10,10,10000,1584919803369,01:09.8,user,user,11,11,11000,1584919805421,01:12.1,clone,,11,11,11000,1584919808055,01:15.0,clone,clone,12,12,12000,1584919808709,01:15.6,,payment,12,12,12000,1584919810576,01:17.6,payment,payment,13,13,13000,1584919812713,01:20.0,,flash,13,13,13000,1584919813639,01:21.0,flash,flash,14,14,14000,1584919818842,01:26.6,,edit,14,14,14000,1584919820477,01:28.4,edit,edit,15,15,15000,1584919821877,01:30.0,,archive,15,15,15000,1584919824800,01:33.1,archive,archive,16,16,16000,1584919826646,01:35.1,,"help & support",16,16,16000,1584919828713,01:37.4,"help & support","help & support",17,17,17000,1584919829650,01:38.4,,"external link",17,17,17000,1584919831390,01:40.3,"external link","external link",18,18,18000
alpha1584919119326,54,m,graduate,4-8,"Mozilla/5.0 (iPhone; CPU iPhone OS 12_4_5 like Mac OS X) AppleWebKit/605.1.15 (KHTML, like Gecko) Mobile/15E148 [FBAN/FBIOS;FBDV/iPhone7,2;FBMD/iPhone;FBSN/iOS;FBSV/12.4.5;FBSS/2;FBID/phone;FBLC/en_US;FBOP/5;FBCR/Verizon]",1584919837808,1584919841277,00:02.6,,clipboard,0,0,0,1584919842142,00:03.5,clipboard,clipboard,1,1,1000,1584919844328,00:05.8,,favorite,1,1,1000,1584919845291,00:07.0,ratings,favorite,1,2,750,1584919847225,00:09.1,,swap,1,2,750,1584919848158,00:10.1,swap,swap,2,3,1750,1584919852892,00:15.2,,"take photo",2,3,1750,1584919854005,00:16.4,"take photo","take photo",3,4,2750,1584919856007,00:18.6,,user,3,4,2750,1584919856839,00:19.5,user,user,4,5,3750,1584919864567,00:28.0,,flash,4,5,3750,1584919865285,00:28.7,flash,flash,5,6,4750,1584919869244,00:33.0,,power,5,6,4750,1584919870008,00:33.8,power,power,6,7,5750,1584919872121,00:36.2,,ratings,6,7,5750,1584919872719,00:36.7,favorite,ratings,6,8,5500,1584919875388,00:39.6,,ratings,6,8,5500,1584919877355,00:41.8,ratings,ratings,7,9,6500,1584919879519,00:44.2,,favorite,7,9,6500,1584919882022,00:46.8,favorite,favorite,8,10,7500,1584919885543,00:50.7,,payment,8,10,7500,1584919886259,00:51.5,payment,payment,9,11,8500,1584919887680,00:53.1,,"bus route",9,11,8500,1584919888534,00:54.0,"bus route","bus route",10,12,9500,1584919890031,00:55.6,,clone,10,12,9500,1584919890848,00:56.5,clone,clone,11,13,10500,1584919893217,00:59.1,,"grip lines",11,13,10500,1584919895614,01:01.6,"grip lines","grip lines",12,14,11500,1584919897547,01:03.7,,"external link",12,14,11500,1584919898182,01:04.4,"file download","external link",12,15,11250,1584919900234,01:06.6,sign-in,,12,15,11250,1584919900786,01:07.3,sign-in,"external link",12,16,11000,1584919902747,01:09.4,,comments,12,16,11000,1584919904774,01:11.6,comments,comments,13,17,12000,1584919908808,01:16.0,,sign-in,13,17,12000,1584919913628,01:21.3,sign-in,sign-in,14,18,13000,1584919915196,01:23.0,,"external link",14,18,13000,1584919916926,01:24.8,"external link","external link",15,19,14000,1584919923834,01:32.4,,"file download",15,19,14000,1584919925529,01:34.2,archive,"file download",15,20,13750,1584919926075,01:34.8,,notifications,15,20,13750,1584919927506,01:36.4,notifications,notifications,16,21,14750,1584919928573,01:37.5,,"file download",16,21,14750,1584919931029,01:40.2,"file download","file download",17,22,15750,1584919932128,01:41.4,archive,,17,22,15750,1584919933664,01:43.1,archive,archive,18,23,16750
alpha1584919210293,29,f,bachelor,4-8,"Mozilla/5.0 (iPhone; CPU iPhone OS 13_3_1 like Mac OS X) AppleWebKit/605.1.15 (KHTML, like Gecko) Mobile/15E148 [FBAN/FBIOS;FBDV/iPhone12,5;FBMD/iPhone;FBSN/iOS;FBSV/13.3.1;FBSS/3;FBID/phone;FBLC/en_US;FBOP/5;FBCR/Verizon]",1584919229366,1584919240385,00:12.0,,"sleep mode",0,0,0,1584919240703,00:12.3,"sleep mode","sleep mode",1,1,1000,1584919242760,00:14.5,,clipboard,1,1,1000,1584919244150,00:16.1,clipboard,clipboard,2,2,2000,1584919250127,00:22.6,search,,2,2,2000,1584919250767,00:23.3,search,search,3,3,3000,1584919259718,00:33.1,,"bus route",3,3,3000,1584919260069,00:33.4,"bus route","bus route",4,4,4000,1584919269508,00:43.7,,"location arrow",4,4,4000,1584919269844,00:44.2,"location arrow","location arrow",5,5,5000,1584919273019,00:47.6,,paste,5,5,5000,1584919273325,00:48.0,paste,paste,6,6,6000,1584919276916,00:51.8,,clone,6,6,6000,1584919277909,00:53.0,clone,clone,7,7,7000,1584919280010,00:55.3,payment,,7,7,7000,1584919280589,00:56.0,payment,payment,8,8,8000,1584919281623,00:57.1,,calendar,8,8,8000,1584919282068,00:57.5,calendar,calendar,9,9,9000,1584919287458,01:03.4,,"request service",9,9,9000,1584919287802,01:03.7,"request service","request service",10,10,10000,1584919290543,01:06.7,,delete,10,10,10000,1584919290953,01:07.2,delete,delete,11,11,11000,1584919292258,01:08.6,"table view",,11,11,11000,1584919292712,01:09.2,"table view","table view",12,12,12000,1584919294440,01:11.1,power,,12,12,12000,1584919294812,01:11.4,power,power,13,13,13000,1584919297917,01:14.8,,flash,13,13,13000,1584919298234,01:15.2,flash,flash,14,14,14000,1584919300235,01:17.4,,"more options",14,14,14000,1584919300598,01:17.7,"more options","more options",15,15,15000,1584919303140,01:20.5,,expand,15,15,15000,1584919304682,01:22.2,expand,expand,16,16,16000,1584919305141,01:22.7,,comments,16,16,16000,1584919305537,01:23.2,comments,comments,17,17,17000,1584919305997,01:23.6,,"cloud upload",17,17,17000,1584919306332,01:24.0,"cloud upload","cloud upload",18,18,18000
alpha1584919210293,29,f,bachelor,4-8,"Mozilla/5.0 (iPhone; CPU iPhone OS 13_3_1 like Mac OS X) AppleWebKit/605.1.15 (KHTML, like Gecko) Mobile/15E148 [FBAN/FBIOS;FBDV/iPhone12,5;FBMD/iPhone;FBSN/iOS;FBSV/13.3.1;FBSS/3;FBID/phone;FBLC/en_US;FBOP/5;FBCR/Verizon]",1584919309747,1584919321227,00:11.4,,calendar,0,0,0,1584919321819,00:12.0,,calendar,0,0,0,1584919322795,00:13.1,calendar,calendar,1,1,1000,1584919324776,00:15.3,,comments,1,1,1000,1584919326091,00:16.6,comments,comments,2,2,2000,1584919327171,00:17.8,,"request service",2,2,2000,1584919327681,00:18.4,"request service","request service",3,3,3000,1584919329144,00:20.1,,clone,3,3,3000,1584919329753,00:20.7,clone,clone,4,4,4000,1584919335506,00:27.0,,security,4,4,4000,1584919335889,00:27.4,security,security,5,5,5000,1584919338941,00:30.7,,donate,5,5,5000,1584919339342,00:31.2,donate,donate,6,6,6000,1584919340391,00:32.3,,"file download",6,6,6000,1584919340860,00:32.8,"file download","file download",7,7,7000,1584919342696,00:34.8,,"location marker",7,7,7000,1584919343089,00:35.3,bookmark,"location marker",7,8,6750,1584919344447,00:36.7,,"take photo",7,8,6750,1584919345832,00:38.3,"take photo","take photo",8,9,7750,1584919347000,00:39.5,,"location marker",8,9,7750,1584919347376,00:40.0,"location marker","location marker",9,10,8750,1584919355258,00:48.6,,"street view",9,10,8750,1584919355597,00:49.0,"street view","street view",10,11,9750,1584919357626,00:51.2,,bookmark,10,11,9750,1584919357961,00:51.5,bookmark,bookmark,11,12,10750,1584919360319,00:54.2,,money,11,12,10750,1584919360723,00:54.6,money,money,12,13,11750,1584919363115,00:57.2,"sleep mode",,12,13,11750,1584919363921,00:58.1,"sleep mode","sleep mode",13,14,12750,1584919365993,01:00.3,flash,,13,14,12750,1584919366557,01:01.0,flash,flash,14,15,13750,1584919367782,01:02.3,"bus route",,14,15,13750,1584919368274,01:02.8,"bus route","bus route",15,16,14750,1584919369345,01:04.0,user,,15,16,14750,1584919369858,01:04.5,user,user,16,17,15750,1584919371884,01:06.7,,sign-in,16,17,15750,1584919372995,01:08.0,sign-in,sign-in,17,18,16750,1584919373351,01:08.4,settings,,17,18,16750
alpha1584921327098,39,f,hs-ged,1-3,"Mozilla/5.0 (Linux; Android 8.0.0; SM-G930V Build/R16NW; wv) AppleWebKit/537.36 (KHTML, like Gecko) Version/4.0 Chrome/80.0.3987.149 Mobile Safari/537.36 [FB_IAB/FB4A;FBAV/262.0.0.34.117;]",1584921425376,1584921434589,00:07.6,,video,0,0,0,1584921435703,00:08.5,video,video,1,1,1000,1584921440051,00:12.4,power,,1,1,1000,1584921440570,00:13.0,power,power,2,2,2000,1584921463645,00:32.4,,money,2,2,2000,1584921464923,00:33.5,money,money,3,3,3000,1584921468404,00:37.1,settings,,3,3,3000,1584921469301,00:38.1,settings,settings,4,4,4000,1584921474923,00:44.1,,ratings,4,4,4000,1584921475431,00:44.6,"external link",ratings,4,5,3750,1584921488370,00:58.5,,"bus route",4,5,3750,1584921488903,00:59.1,"bus route","bus route",5,6,4750,1584921498777,01:09.7,,"shopping cart",5,6,4750,1584921499254,01:10.3,"shopping cart","shopping cart",6,7,5750,1584921516337,01:28.7,"location marker",,6,7,5750,1584921517802,01:30.3,"location marker","location marker",7,8,6750,1584921520713,01:33.4,visibile,,7,8,6750,1584921521300,01:34.1,visibile,visibile,8,9,7750,1584921536403,01:50.4,bookmark,,8,9,7750,1584921538669,01:52.8,bookmark,bookmark,9,10,8750,1584921549836,02:04.8,,minimize,9,10,8750,1584921550253,02:05.3,"grip lines",minimize,9,11,8500,1584921558462,02:14.2,"cloud upload",,9,11,8500,1584921558897,02:14.6,"cloud upload","cloud upload",10,12,9500,1584921566567,02:23.0,donate,,10,12,9500,1584921567304,02:23.7,donate,payment,10,13,9250,1584921568833,02:25.4,payment,,10,13,9250,1584921571023,02:27.7,payment,donate,10,14,9000,1584921572415,02:29.3,donate,,10,14,9000,1584921576741,02:34.0,donate,sign-in,10,15,8750,1584921578507,02:35.8,"request service",,10,15,8750,1584921579723,02:37.2,ratings,,10,15,8750,1584921580622,02:38.2,ratings,sign-in,10,16,8500,1584921582232,02:39.8,,ratings,10,16,8500,1584921583389,02:41.1,"request service",ratings,10,17,8250
alpha1584921327098,39,f,hs-ged,1-3,"Mozilla/5.0 (Linux; Android 8.0.0; SM-G930V Build/R16NW; wv) AppleWebKit/537.36 (KHTML, like Gecko) Version/4.0 Chrome/80.0.3987.149 Mobile Safari/537.36 [FB_IAB/FB4A;FBAV/262.0.0.34.117;]",1584921585463,1584921594900,00:09.0,video,,0,0,0,1584921595472,00:09.5,video,video,1,1,1000,1584921598005,00:12.3,,expand,1,1,1000,1584921598447,00:12.7,expand,expand,2,2,2000,1584921600879,00:15.4,,power,2,2,2000,1584921601395,00:16.0,power,power,3,3,3000,1584921606930,00:22.0,,swap,3,3,3000,1584921607415,00:22.4,swap,swap,4,4,4000,1584921611700,00:27.1,,money,4,4,4000,1584921612101,00:27.5,money,money,5,5,5000,1584921613978,00:29.5,,clipboard,5,5,5000,1584921614350,00:30.0,paste,clipboard,5,6,4750,1584921615821,00:31.5,clipboard,,5,6,4750,1584921616542,00:32.3,clipboard,clipboard,6,7,5750,1584921620935,00:37.0,,favorite,6,7,5750,1584921621231,00:37.3,favorite,favorite,7,8,6750,1584921623337,00:39.6,,connectivity,7,8,6750,1584921623762,00:40.1,connectivity,connectivity,8,9,7750,1584921628332,00:45.0,,security,8,9,7750,1584921629656,00:46.4,security,security,9,10,8750,1584921636009,00:53.3,"sleep mode",,9,10,8750,1584921636704,00:54.1,"sleep mode","sleep mode",10,11,9750,1584921638123,00:55.6,"table view",,10,11,9750,1584921638551,00:56.1,"table view","grip lines",10,12,9500,1584921641142,00:58.8,"grip lines",,10,12,9500,1584921642027,00:59.8,"grip lines","grip lines",11,13,10500,1584921645711,01:03.8,donate,,11,13,10500,1584921646982,01:05.2,donate,donate,12,14,11500,1584921649297,01:07.7,clone,,12,14,11500,1584921650419,01:09.0,clone,edit,12,15,11250,1584921651650,01:10.3,paste,,12,15,11250,1584921653356,01:12.1,paste,"help & support",12,16,11000,1584921653968,01:12.7,announcement,,12,16,11000,1584921656619,01:15.6,clone,,12,16,11000,1584921657212,01:16.3,clone,edit,12,17,10750,1584921658387,01:17.5,,paste,12,17,10750,1584921659149,01:18.4,clone,paste,12,18,10500,1584921659964,01:19.3,,paste,12,18,10500,1584921660412,01:19.7,paste,paste,13,19,11500,1584921662974,01:22.5,edit,,13,19,11500,1584921663970,01:23.6,edit,edit,14,20,12500,1584921667535,01:27.4,,announcement,14,20,12500,1584921667937,01:27.8,announcement,announcement,15,21,13500,1584921669191,01:29.2,,"table view",15,21,13500,1584921669832,01:29.8,clone,"table view",15,22,13250,1584921670874,01:31.0,,"table view",15,22,13250,1584921671287,01:31.4,"table view","table view",16,23,14250,1584921672031,01:32.2,,clone,16,23,14250,1584921672400,01:32.6,clone,clone,17,24,15250,1584921673141,01:33.4,,"help & support",17,24,15250,1584921673528,01:33.8,"help & support","help & support",18,25,16250
alpha1584921327098,39,f,hs-ged,1-3,"Mozilla/5.0 (Linux; Android 8.0.0; SM-G930V Build/R16NW; wv) AppleWebKit/537.36 (KHTML, like Gecko) Version/4.0 Chrome/80.0.3987.149 Mobile Safari/537.36 [FB_IAB/FB4A;FBAV/262.0.0.34.117;]",1584921681291,1584921685778,00:03.6,,connectivity,0,0,0,1584921686267,00:04.2,connectivity,connectivity,1,1,1000,1584921692551,00:11.0,,share,1,1,1000,1584921693884,00:12.4,share,share,2,2,2000,1584921698535,00:17.5,,favorite,2,2,2000,1584921698902,00:17.8,favorite,favorite,3,3,3000,1584921700038,00:19.1,,menu,3,3,3000,1584921700374,00:19.4,menu,menu,4,4,4000,1584921702633,00:21.8,,search,4,4,4000,1584921703044,00:22.3,search,search,5,5,5000,1584921705996,00:25.5,,calendar,5,5,5000,1584921706337,00:25.8,calendar,calendar,6,6,6000,1584921711760,00:31.5,,"cloud upload",6,6,6000,1584921712274,00:32.1,"cloud upload","cloud upload",7,7,7000,1584921716257,00:36.3,,contacts,7,7,7000,1584921716600,00:36.7,contacts,contacts,8,8,8000,1584921718828,00:39.1,,"location arrow",8,8,8000,1584921719296,00:39.6,"location arrow","location arrow",9,9,9000,1584921721671,00:42.2,,"bus route",9,9,9000,1584921722307,00:42.8,"bus route","bus route",10,10,10000,1584921728493,00:49.5,,"street view",10,10,10000,1584921728946,00:50.1,"street view","street view",11,11,11000,1584921730203,00:51.4,,video,11,11,11000,1584921732290,00:53.6,video,video,12,12,12000,1584921735307,00:57.0,,"file download",12,12,12000,1584921736586,00:58.3,"file download","file download",13,13,13000,1584921737485,00:59.3,,power,13,13,13000,1584921737857,00:59.6,power,power,14,14,14000,1584921740725,01:02.7,,paste,14,14,14000,1584921741276,01:03.4,paste,paste,15,15,15000,1584921741886,01:04.1,,flash,15,15,15000,1584921742280,01:04.4,flash,flash,16,16,16000,1584921743798,01:06.1,,"grip lines",16,16,16000,1584921744118,01:06.4,"grip lines","grip lines",17,17,17000,1584921746597,01:09.1,,"external link",17,17,17000,1584921747000,01:09.5,"external link","external link",18,18,18000
alpha1584921327098,39,f,hs-ged,1-3,"Mozilla/5.0 (Linux; Android 8.0.0; SM-G930V Build/R16NW; wv) AppleWebKit/537.36 (KHTML, like Gecko) Version/4.0 Chrome/80.0.3987.149 Mobile Safari/537.36 [FB_IAB/FB4A;FBAV/262.0.0.34.117;]",1584921751196,1584921758213,00:06.4,settings,,0,0,0,1584921759342,00:07.6,settings,settings,1,1,1000,1584921762011,00:10.5,,swap,1,1,1000,1584921762318,00:10.8,swap,swap,2,2,2000,1584921770983,00:20.2,connectivity,,2,2,2000,1584921772264,00:21.6,connectivity,connectivity,3,3,3000,1584921776392,00:26.1,,"cloud upload",3,3,3000,1584921776750,00:26.5,"cloud upload","cloud upload",4,4,4000,1584921781272,00:31.4,,power,4,4,4000,1584921781933,00:32.1,power,power,5,5,5000,1584921786264,00:36.7,,"street view",5,5,5000,1584921786650,00:37.2,"street view","street view",6,6,6000,1584921789917,00:40.7,,"location marker",6,6,6000,1584921790319,00:41.2,"location marker","location marker",7,7,7000,1584921791994,00:43.0,,calendar,7,7,7000,1584921792462,00:43.5,calendar,calendar,8,8,8000,1584921793863,00:45.0,,comments,8,8,8000,1584921794258,00:45.4,comments,comments,9,9,9000,1584921804552,00:56.5,,flash,9,9,9000,1584921804929,00:57.0,flash,flash,10,10,10000,1584921806274,00:58.4,,minimize,10,10,10000,1584921806572,00:58.7,minimize,minimize,11,11,11000,1584921808488,01:00.8,,archive,11,11,11000,1584921808865,01:01.2,archive,archive,12,12,12000,1584921812086,01:04.7,,video,12,12,12000,1584921813231,01:06.0,video,video,13,13,13000,1584921814900,01:07.7,,clone,13,13,13000,1584921815191,01:08.1,clone,clone,14,14,14000,1584921816690,01:09.7,,payment,14,14,14000,1584921817128,01:10.2,payment,payment,15,15,15000,1584921819297,01:12.5,,money,15,15,15000,1584921820639,01:14.0,money,money,16,16,16000,1584921821118,01:14.5,search,,16,16,16000,1584921822163,01:15.6,search,search,17,17,17000,1584921823365,01:17.0,,paste,17,17,17000,1584921823774,01:17.4,paste,paste,18,18,18000
alpha1584923266269,44,m,doctoral,4-8,"Mozilla/5.0 (Windows NT 10.0; Win64; x64) AppleWebKit/537.36 (KHTML, like Gecko) Chrome/80.0.3987.149 Safari/537.36",1584923295223,1584923305679,00:11.4,video,,0,0,0,1584923308655,00:14.6,video,video,1,1,1000,1584923311002,00:17.2,connectivity,,1,1,1000,1584923316783,00:23.6,connectivity,connectivity,2,2,2000,1584923318215,00:25.2,flash,,2,2,2000,1584923320330,00:27.5,flash,flash,3,3,3000,1584923322219,00:29.5,"location marker",,3,3,3000,1584923326810,00:34.6,"location marker","location marker",4,4,4000,1584923327694,00:35.6,settings,,4,4,4000,1584923332301,00:40.6,settings,settings,5,5,5000,1584923333506,00:42.0,notifications,,5,5,5000,1584923334928,00:43.5,notifications,notifications,6,6,6000,1584923335795,00:44.5,favorite,,6,6,6000,1584923342216,00:51.5,favorite,favorite,7,7,7000,1584923343309,00:52.7,delete,,7,7,7000,1584923344627,00:54.2,delete,delete,8,8,8000,1584923345543,00:55.2,directions,,8,8,8000,1584923346676,00:56.4,directions,directions,9,9,9000,1584923347561,00:57.4,sign-in,,9,9,9000,1584923352593,01:03.0,sign-in,,9,9,9000,1584923354482,01:05.1,sign-in,,9,9,9000,1584923355671,01:06.3,expand,,9,9,9000,1584923359303,01:10.3,paste,,9,9,9000,1584923362614,01:14.0,paste,paste,10,10,10000,1584923363948,01:15.4,security,,10,10,10000,1584923368320,01:20.3,security,security,11,11,11000,1584923371068,01:23.3,"grip lines",,11,11,11000,1584923375368,01:28.0,"grip lines","grip lines",12,12,12000,1584923377418,01:30.3,"street view",,12,12,12000,1584923379306,01:32.3,"street view","street view",13,13,13000,1584923381676,01:35.0,search,,13,13,13000,1584923384143,01:37.6,search,search,14,14,14000,1584923387471,01:41.3,user,,14,14,14000,1584923388331,01:42.2,user,sign-in,14,15,13750,1584923389827,01:43.8,user,,14,15,13750,1584923390642,01:44.7,user,user,15,16,14750,1584923393295,01:47.7,expand,,15,16,14750,1584923394430,01:49.0,expand,expand,16,17,15750,1584923395250,01:49.8,sign-in,,16,17,15750,1584923396013,01:50.6,sign-in,sign-in,17,18,16750,1584923396978,01:51.7,"help & support",,17,18,16750,1584923397548,01:52.4,"help & support","help & support",18,19,17750
alpha1584923663852,52,f,bachelor,1-3,"Mozilla/5.0 (Linux; Android 8.0.0; SM-G930V Build/R16NW; wv) AppleWebKit/537.36 (KHTML, like Gecko) Version/4.0 Chrome/80.0.3987.149 Mobile Safari/537.36 [FB_IAB/FB4A;FBAV/262.0.0.34.117;]",1584925130207
alpha1584923663852,52,f,bachelor,1-3,"Mozilla/5.0 (Linux; Android 8.0.0; SM-G930V Build/R16NW; wv) AppleWebKit/537.36 (KHTML, like Gecko) Version/4.0 Chrome/80.0.3987.149 Mobile Safari/537.36 [FB_IAB/FB4A;FBAV/262.0.0.34.117;]",1584925133257
alpha1584923663852,52,f,bachelor,1-3,"Mozilla/5.0 (Linux; Android 8.0.0; SM-G930V Build/R16NW; wv) AppleWebKit/537.36 (KHTML, like Gecko) Version/4.0 Chrome/80.0.3987.149 Mobile Safari/537.36 [FB_IAB/FB4A;FBAV/262.0.0.34.117;]",1584925137671
alpha1585021355371,55,f,hs-ged,1-3,"Mozilla/5.0 (Macintosh; Intel Mac OS X 10_15) AppleWebKit/605.1.15 (KHTML, like Gecko) Version/13.0.5 Safari/605.1.15",1585021382681,1585021387300,00:05.0,,contacts,0,0,0,1585021389832,00:07.6,user,contacts,0,1,-250,1585021391955,00:10.0,,"street view",0,1,-250,1585021392455,00:10.5,"street view","street view",1,2,750,1585021395721,00:14.1,,contacts,1,2,750,1585021396350,00:14.7,user,contacts,1,3,500,1585021400248,00:19.0,,clipboard,1,3,500,1585021400760,00:19.5,clipboard,clipboard,2,4,1500,1585021402777,00:21.7,,"table view",2,4,1500,1585021403242,00:22.3,"table view","table view",3,5,2500,1585021405161,00:24.3,,"take photo",3,5,2500,1585021405590,00:24.8,"take photo","take photo",4,6,3500,1585021407340,00:26.7,,ratings,4,6,3500,1585021408159,00:27.6,ratings,ratings,5,7,4500,1585021411750,00:31.5,,clone,5,7,4500,1585021412225,00:32.1,clone,clone,6,8,5500,1585021413833,00:33.7,,"cloud upload",6,8,5500,1585021414942,00:35.0,"cloud upload","cloud upload",7,9,6500,1585021420549,00:41.1,,share,7,9,6500,1585021420974,00:41.5,share,share,8,10,7500,1585021422481,00:43.2,,user,8,10,7500,1585021423002,00:43.7,user,user,9,11,8500,1585021424763,00:45.7,,contacts,9,11,8500,1585021425310,00:46.3,contacts,contacts,10,12,9500,1585021428390,00:49.6,,"location arrow",10,12,9500,1585021429347,00:50.6,swap,"location arrow",10,13,9250,1585021430629,00:52.1,,"location arrow",10,13,9250,1585021431053,00:52.5,"external link","location arrow",10,14,9000,1585021432576,00:54.2,,"location arrow",10,14,9000,1585021432845,00:54.5,"location arrow","location arrow",11,15,10000,1585021434341,00:56.1,,"external link",11,15,10000,1585021434835,00:56.6,"external link","external link",12,16,11000,1585021437854,01:60.0,,swap,12,16,11000,1585021438262,01:00.4,swap,swap,13,17,12000,1585021440133,01:02.4,,comments,13,17,12000,1585021440650,01:03.0,comments,comments,14,18,13000,1585021442438,01:05.0,,notifications,14,18,13000,1585021442846,01:05.4,notifications,notifications,15,19,14000,1585021444088,01:06.7,,visibile,15,19,14000,1585021444560,01:07.3,visibile,visibile,16,20,15000,1585021445770,01:08.5,,bookmark,16,20,15000,1585021446212,01:09.1,bookmark,bookmark,17,21,16000,1585021446722,01:09.6,,"more options",17,21,16000,1585021447245,01:10.2,"more options","more options",18,22,17000
alpha1585021355371,55,f,hs-ged,1-3,"Mozilla/5.0 (Macintosh; Intel Mac OS X 10_15) AppleWebKit/605.1.15 (KHTML, like Gecko) Version/13.0.5 Safari/605.1.15",1585021450820,1585021454372,00:02.6,,edit,0,0,0,1585021454864,00:03.2,edit,edit,1,1,1000,1585021458374,00:07.1,,directions,1,1,1000,1585021458890,00:07.6,directions,directions,2,2,2000,1585021460892,00:09.7,,video,2,2,2000,1585021461434,00:10.4,video,video,3,3,3000,1585021463106,00:12.2,,delete,3,3,3000,1585021464603,00:13.8,delete,delete,4,4,4000,1585021467602,00:17.1,,payment,4,4,4000,1585021468796,00:18.4,payment,payment,5,5,5000,1585021472649,00:22.6,,"sleep mode",5,5,5000,1585021473254,00:23.3,"sleep mode","sleep mode",6,6,6000,1585021475646,00:25.8,,"location arrow",6,6,6000,1585021476173,00:26.4,"location arrow","location arrow",7,7,7000,1585021478328,00:28.7,,menu,7,7,7000,1585021479659,00:30.2,clipboard,menu,7,8,6750,1585021481584,00:32.3,,security,7,8,6750,1585021485816,00:37.0,"bus route",security,7,9,6500,1585021490470,00:42.0,,"bus route",7,9,6500,1585021490937,00:42.5,"bus route","bus route",8,10,7500,1585021492454,00:44.2,,"external link",8,10,7500,1585021492940,00:44.7,"external link","external link",9,11,8500,1585021494654,00:46.5,,bookmark,9,11,8500,1585021495088,00:47.1,bookmark,bookmark,10,12,9500,1585021497845,00:50.1,,security,10,12,9500,1585021498537,00:50.7,connectivity,security,10,13,9250,1585021500169,00:52.5,,"cloud upload",10,13,9250,1585021501204,00:53.7,"cloud upload","cloud upload",11,14,10250,1585021502614,00:55.2,,archive,11,14,10250,1585021502990,00:55.6,archive,archive,12,15,11250,1585021506587,00:59.5,,security,12,15,11250,1585021507103,01:00.1,security,security,13,16,12250,1585021508842,01:02.0,,"help & support",13,16,12250,1585021509347,01:02.5,"help & support","help & support",14,17,13250,1585021511034,01:04.4,,"grip lines",14,17,13250,1585021511505,01:05.0,menu,"grip lines",14,18,13000,1585021512602,01:06.1,,"grip lines",14,18,13000,1585021515192,01:09.0,,"grip lines",14,18,13000,1585021515849,01:09.6,connectivity,"grip lines",14,19,12750,1585021517018,01:11.0,,"grip lines",14,19,12750,1585021517538,01:11.5,menu,"grip lines",14,20,12500,1585021519732,01:13.8,,menu,14,20,12500,1585021520913,01:15.2,menu,menu,15,21,13500,1585021522488,01:16.8,,clipboard,15,21,13500,1585021522834,01:17.3,clipboard,clipboard,16,22,14500,1585021523784,01:18.3,,connectivity,16,22,14500,1585021524283,01:18.8,connectivity,connectivity,17,23,15500,1585021525035,01:19.6,,"grip lines",17,23,15500,1585021526356,01:21.1,"grip lines","grip lines",18,24,16500
alpha1585021355371,55,f,hs-ged,1-3,"Mozilla/5.0 (Macintosh; Intel Mac OS X 10_15) AppleWebKit/605.1.15 (KHTML, like Gecko) Version/13.0.5 Safari/605.1.15",1585021529701,1585021533833,00:03.3,,"bus route",0,0,0,1585021534447,00:04.0,"bus route","bus route",1,1,1000,1585021536268,00:06.0,,notifications,1,1,1000,1585021536895,00:06.6,notifications,notifications,2,2,2000,1585021538403,00:08.3,,"location marker",2,2,2000,1585021538991,00:09.0,"location marker","location marker",3,3,3000,1585021541153,00:11.3,,"street view",3,3,3000,1585021541700,00:11.8,"street view","street view",4,4,4000,1585021544275,00:14.7,,donate,4,4,4000,1585021544932,00:15.4,donate,donate,5,5,5000,1585021547221,00:17.8,,"request service",5,5,5000,1585021547728,00:18.4,"request service","request service",6,6,6000,1585021549479,00:20.4,,paste,6,6,6000,1585021549960,00:20.8,bookmark,paste,6,7,5750,1585021551538,00:22.6,,paste,6,7,5750,1585021551959,00:23.1,paste,paste,7,8,6750,1585021554174,00:25.5,,swap,7,8,6750,1585021554693,00:26.1,swap,swap,8,9,7750,1585021556390,00:27.8,,flash,8,9,7750,1585021556972,00:28.5,flash,flash,9,10,8750,1585021558146,00:29.8,,power,9,10,8750,1585021558696,00:30.4,power,power,10,11,9750,1585021561069,00:33.0,,contacts,10,11,9750,1585021561623,00:33.6,contacts,contacts,11,12,10750,1585021563036,00:35.2,,"cloud upload",11,12,10750,1585021563522,00:35.6,"cloud upload","cloud upload",12,13,11750,1585021565334,00:37.6,,share,12,13,11750,1585021566865,00:39.3,share,share,13,14,12750,1585021568710,00:41.3,,expand,13,14,12750,1585021570579,00:43.4,expand,expand,14,15,13750,1585021571711,00:44.6,,minimize,14,15,13750,1585021573124,00:46.2,minimize,minimize,15,16,14750,1585021574130,00:47.2,,menu,15,16,14750,1585021574612,00:47.7,menu,menu,16,17,15750,1585021575944,00:49.2,,directions,16,17,15750,1585021576423,00:49.7,directions,directions,17,18,16750,1585021576979,00:50.3,,bookmark,17,18,16750,1585021577301,00:50.7,bookmark,bookmark,18,19,17750
alpha1585021355371,55,f,hs-ged,1-3,"Mozilla/5.0 (Macintosh; Intel Mac OS X 10_15) AppleWebKit/605.1.15 (KHTML, like Gecko) Version/13.0.5 Safari/605.1.15",1585021579965,1585021583380,00:02.5,,money,0,0,0,1585021584711,00:04.0,money,money,1,1,1000,1585021586053,00:05.4,,calendar,1,1,1000,1585021586440,00:05.8,calendar,calendar,2,2,2000,1585021588544,00:08.2,,notifications,2,2,2000,1585021589390,00:09.1,notifications,notifications,3,3,3000,1585021590766,00:10.6,,archive,3,3,3000,1585021591444,00:11.3,archive,archive,4,4,4000,1585021592865,00:12.8,,"take photo",4,4,4000,1585021595308,00:15.5,,edit,4,4,4000,1585021595714,00:16.0,edit,edit,5,5,5000,1585021596658,00:17.0,,"take photo",5,5,5000,1585021597312,00:17.7,"take photo","take photo",6,6,6000,1585021599672,00:20.3,,paste,6,6,6000,1585021600228,00:20.8,paste,paste,7,7,7000,1585021602177,00:23.0,,connectivity,7,7,7000,1585021603199,00:24.1,connectivity,connectivity,8,8,8000,1585021604927,00:26.0,,delete,8,8,8000,1585021605933,00:27.1,delete,delete,9,9,9000,1585021607547,00:28.8,,"table view",9,9,9000,1585021608815,00:30.2,"table view","table view",10,10,10000,1585021612063,00:33.7,,bookmark,10,10,10000,1585021612659,00:34.4,bookmark,bookmark,11,11,11000,1585021615620,00:37.6,,"sleep mode",11,11,11000,1585021616515,00:38.6,"sleep mode","sleep mode",12,12,12000,1585021617803,00:40.0,,power,12,12,12000,1585021618507,00:40.7,power,power,13,13,13000,1585021620423,00:42.8,,ratings,13,13,13000,1585021621653,00:44.2,ratings,ratings,14,14,14000,1585021622342,00:45.0,,"grip lines",14,14,14000,1585021622950,00:45.6,"grip lines","grip lines",15,15,15000,1585021624019,00:46.7,,"external link",15,15,15000,1585021624632,00:47.4,"external link","external link",16,16,16000,1585021626211,00:49.2,,visibile,16,16,16000,1585021627083,00:50.1,visibile,visibile,17,17,17000,1585021627698,00:50.7,,favorite,17,17,17000,1585021628147,00:51.3,favorite,favorite,18,18,18000
alpha1585075854518,31,m,graduate,4-8,"Mozilla/5.0 (iPhone; CPU iPhone OS 13_3_1 like Mac OS X) AppleWebKit/605.1.15 (KHTML, like Gecko) Mobile/15E148 [FBAN/FBIOS;FBDV/iPhone11,8;FBMD/iPhone;FBSN/iOS;FBSV/13.3.1;FBSS/2;FBID/phone;FBLC/en_US;FBOP/5;FBCR/AT&T]",1585075889322,1585075926034,00:40.0,announcement,,0,0,0,1585075926429,00:40.4,announcement,announcement,1,1,1000,1585075932416,00:47.0,user,,1,1,1000,1585075932628,00:47.2,user,user,2,2,2000,1585075943164,00:58.6,search,,2,2,2000,1585075943537,00:59.1,search,search,3,3,3000,1585075947435,01:03.3,,delete,3,3,3000,1585075947778,01:03.7,delete,delete,4,4,4000,1585075952581,01:09.0,,calendar,4,4,4000,1585075953412,01:09.8,calendar,calendar,5,5,5000,1585075965555,01:23.1,,bookmark,5,5,5000,1585075967089,01:24.7,bookmark,bookmark,6,6,6000,1585075976721,01:35.3,"table view",,6,6,6000,1585075977553,01:36.2,"table view","table view",7,7,7000,1585075985167,01:44.5,,"take photo",7,7,7000,1585075985983,01:45.4,"take photo","take photo",8,8,8000,1585075988485,01:48.1,,clone,8,8,8000,1585075988851,01:48.5,clone,clone,9,9,9000,1585076000476,02:01.2,,flash,9,9,9000,1585076000821,02:01.5,flash,flash,10,10,10000,1585076009532,02:11.1,,"cloud upload",10,10,10000,1585076009917,02:11.5,"cloud upload","cloud upload",11,11,11000,1585076019497,02:22.0,security,,11,11,11000,1585076020119,02:22.6,security,security,12,12,12000,1585076023193,02:26.0,"sleep mode",,12,12,12000,1585076023579,02:26.4,"sleep mode","sleep mode",13,13,13000,1585076027533,02:30.6,donate,,13,13,13000,1585076028261,02:31.4,donate,donate,14,14,14000,1585076030973,02:34.4,,"external link",14,14,14000,1585076031575,02:35.1,"external link","external link",15,15,15000,1585076038824,02:43.0,,sign-in,15,15,15000,1585076040324,02:44.6,sign-in,sign-in,16,16,16000,1585076043471,02:48.1,,paste,16,16,16000,1585076043863,02:48.4,paste,paste,17,17,17000,1585076044999,02:49.7,,"location arrow",17,17,17000,1585076045300,02:50.1,"location arrow","location arrow",18,18,18000
alpha1585076117492,31,f,graduate,1-3,"Mozilla/5.0 (Windows NT 10.0; Win64; x64) AppleWebKit/537.36 (KHTML, like Gecko) Chrome/80.0.3987.149 Safari/537.36",1585076153890,1585076168194,00:15.6,video,,0,0,0,1585076168968,00:16.5,video,video,1,1,1000,1585076170542,00:18.2,payment,,1,1,1000,1585076171176,00:19.0,payment,payment,2,2,2000,1585076172616,00:20.5,ratings,,2,2,2000,1585076173436,00:21.4,ratings,ratings,3,3,3000,1585076176450,00:24.7,power,,3,3,3000,1585076177072,00:25.4,power,power,4,4,4000,1585076179517,00:28.1,notifications,,4,4,4000,1585076180144,00:28.7,notifications,notifications,5,5,5000,1585076185434,00:34.6,share,,5,5,5000,1585076186154,00:35.4,share,share,6,6,6000,1585076189020,00:38.5,"language settings",,6,6,6000,1585076189663,00:39.2,"language settings","language settings",7,7,7000,1585076191468,00:41.2,delete,,7,7,7000,1585076192087,00:41.8,delete,delete,8,8,8000,1585076193481,00:43.4,"bus route",,8,8,8000,1585076194219,00:44.2,"bus route","bus route",9,9,9000,1585076196672,00:47.0,"more options",,9,9,9000,1585076197284,00:47.6,"more options","more options",10,10,10000,1585076198352,00:48.7,bookmark,,10,10,10000,1585076198894,00:49.4,bookmark,bookmark,11,11,11000,1585076200393,00:51.1,visibile,,11,11,11000,1585076200924,00:51.6,visibile,visibile,12,12,12000,1585076202998,00:53.8,contacts,,12,12,12000,1585076203776,00:54.7,contacts,contacts,13,13,13000,1585076204756,00:55.8,clipboard,,13,13,13000,1585076205246,00:56.4,clipboard,clipboard,14,14,14000,1585076208018,00:59.4,sign-in,,14,14,14000,1585076208808,01:00.3,sign-in,sign-in,15,15,15000,1585076209807,01:01.4,"help & support",,15,15,15000,1585076210426,01:02.1,"help & support","help & support",16,16,16000,1585076211154,01:02.8,flash,,16,16,16000,1585076211790,01:03.5,flash,flash,17,17,17000,1585076212503,01:04.3,edit,,17,17,17000,1585076213168,01:05.1,edit,edit,18,18,18000
alpha1585119024793,34,f,graduate,4-8,"Mozilla/5.0 (iPad; CPU OS 13_3_1 like Mac OS X) AppleWebKit/605.1.15 (KHTML, like Gecko) Mobile/15E148 [FBAN/FBIOS;FBDV/iPad6,3;FBMD/iPad;FBSN/iOS;FBSV/13.3.1;FBSS/2;FBID/tablet;FBLC/en_GB;FBOP/5;FBCR/]",1585119050013,1585119075102,00:27.2,"shopping cart",,0,0,0,1585119075627,00:27.7,"shopping cart","shopping cart",1,1,1000,1585119077234,00:29.5,menu,,1,1,1000,1585119077684,00:30.1,menu,menu,2,2,2000,1585119081218,00:33.8,swap,,2,2,2000,1585119081668,00:34.4,swap,swap,3,3,3000,1585119085954,00:39.1,settings,,3,3,3000,1585119086993,00:40.2,settings,security,3,4,2750,1585119087848,00:41.1,bookmark,,3,4,2750,1585119088319,00:41.6,bookmark,bookmark,4,5,3750,1585119096378,00:50.4,settings,,4,5,3750,1585119096760,00:50.8,settings,settings,5,6,4750,1585119099570,00:54.0,security,,5,6,4750,1585119099904,00:54.3,security,security,6,7,5750,1585119106398,01:01.4,clipboard,,6,7,5750,1585119106868,01:01.8,clipboard,clipboard,7,8,6750,1585119109364,01:04.6,"file download",,7,8,6750,1585119109636,01:05.0,"file download","file download",8,9,7750,1585119110727,01:06.1,"location arrow",,8,9,7750,1585119111147,01:06.5,"location arrow","location arrow",9,10,8750,1585119116338,01:12.2,"language settings",,9,10,8750,1585119116985,01:13.0,"language settings",directions,9,11,8500,1585119121342,01:17.6,user,,9,11,8500,1585119122027,01:18.4,user,user,10,12,9500,1585119123738,01:20.3,"more options",,10,12,9500,1585119124021,01:20.6,"more options","more options",11,13,10500,1585119127410,01:24.3,delete,,11,13,10500,1585119127785,01:24.7,delete,delete,12,14,11500,1585119134760,01:32.3,contacts,,12,14,11500,1585119135070,01:32.6,contacts,contacts,13,15,12500,1585119136768,01:34.5,"external link",,13,15,12500,1585119139041,01:37.0,"external link","external link",14,16,13500,1585119142577,01:40.8,sign-in,,14,16,13500
alpha1585119024793,34,f,graduate,4-8,"Mozilla/5.0 (iPad; CPU OS 13_3_1 like Mac OS X) AppleWebKit/605.1.15 (KHTML, like Gecko) Mobile/15E148 [FBAN/FBIOS;FBDV/iPad6,3;FBMD/iPad;FBSN/iOS;FBSV/13.3.1;FBSS/2;FBID/tablet;FBLC/en_GB;FBOP/5;FBCR/]",1585119157729
alpha1585119024793,34,f,graduate,4-8,"Mozilla/5.0 (iPad; CPU OS 13_3_1 like Mac OS X) AppleWebKit/605.1.15 (KHTML, like Gecko) Mobile/15E148 [FBAN/FBIOS;FBDV/iPad6,3;FBMD/iPad;FBSN/iOS;FBSV/13.3.1;FBSS/2;FBID/tablet;FBLC/en_GB;FBOP/5;FBCR/]",1585119158827
alpha1585119024793,34,f,graduate,4-8,"Mozilla/5.0 (iPad; CPU OS 13_3_1 like Mac OS X) AppleWebKit/605.1.15 (KHTML, like Gecko) Mobile/15E148 [FBAN/FBIOS;FBDV/iPad6,3;FBMD/iPad;FBSN/iOS;FBSV/13.3.1;FBSS/2;FBID/tablet;FBLC/en_GB;FBOP/5;FBCR/]",1585119159724,1585119165534,00:10.4,,"location arrow",0,0,0,1585119165953,00:11.3,"location arrow","location arrow",1,1,1000,1585119169531,00:19.2,,connectivity,1,1,1000,1585119169796,00:19.7,connectivity,connectivity,2,2,2000,1585119171842,00:24.2,menu,,2,2,2000,1585119172977,00:26.6,menu,menu,3,3,3000,1585119178108,00:37.8,,expand,3,3,3000,1585119178508,00:38.7,expand,expand,4,4,4000,1585119180734,00:43.5,,ratings,4,4,4000,1585119181341,00:44.8,ratings,ratings,5,5,5000,1585119182799,00:48.1,,security,5,5,5000,1585119186252,00:55.6,security,security,6,6,6000,1585119187548,00:58.4,,"take photo",6,6,6000,1585119188273,01:00.1,"take photo","take photo",7,7,7000,1585119191232,01:06.5,,directions,7,7,7000,1585119191683,01:07.5,directions,directions,8,8,8000,1585119193179,01:10.7,,contacts,8,8,8000,1585119194459,01:13.5,contacts,contacts,9,9,9000,1585119195595,01:16.1,,"cloud upload",9,9,9000,1585119195959,01:16.8,"cloud upload","cloud upload",10,10,10000,1585119197729,01:20.7,,clone,10,10,10000,1585119198147,01:21.6,clone,clone,11,11,11000,1585119199198,01:23.8,,"file download",11,11,11000,1585119199491,01:24.5,"file download","file download",12,12,12000,1585119200162,01:26.0,,calendar,12,12,12000,1585119200572,01:26.8,calendar,calendar,13,13,13000,1585119201302,01:28.5,,clipboard,13,13,13000,1585119202106,01:30.2,clipboard,clipboard,14,14,14000,1585119203037,01:32.3,,video,14,14,14000,1585119203442,01:33.2,video,video,15,15,15000,1585119204244,01:34.8,,notifications,15,15,15000,1585119205225,01:37.1,notifications,notifications,16,16,16000,1585119205990,01:38.7,,swap,16,16,16000,1585119206411,01:39.6,swap,swap,17,17,17000,1585119207768,01:42.6,,"request service",17,17,17000,1585119208176,01:43.5,"request service","request service",18,18,18000
alpha1585165294221,25,f,graduate,4-8,"Mozilla/5.0 (Windows NT 10.0; Win64; x64) AppleWebKit/537.36 (KHTML, like Gecko) Chrome/80.0.3987.149 Safari/537.36",1585165328157
alpha1585165294221,25,f,graduate,4-8,"Mozilla/5.0 (Windows NT 10.0; Win64; x64) AppleWebKit/537.36 (KHTML, like Gecko) Chrome/80.0.3987.149 Safari/537.36",1585165342653
alpha1585165294221,25,f,graduate,4-8,"Mozilla/5.0 (Windows NT 10.0; Win64; x64) AppleWebKit/537.36 (KHTML, like Gecko) Chrome/80.0.3987.149 Safari/537.36",1585165343967,1585165348398,00:03.5,calendar,,0,0,0,1585165350034,00:05.2,calendar,calendar,1,1,1000,1585165351280,00:06.5,comments,,1,1,1000,1585165352479,00:07.7,comments,comments,2,2,2000,1585165355844,00:11.3,payment,,2,2,2000,1585165357095,00:12.5,payment,payment,3,3,3000,1585165358411,00:14.0,search,,3,3,3000,1585165359868,00:15.5,search,search,4,4,4000,1585165361893,00:17.6,"location arrow",,4,4,4000,1585165363393,00:19.2,"location arrow","location arrow",5,5,5000,1585165366019,00:22.0,,"take photo",5,5,5000,1585165368855,00:25.0,"take photo","take photo",6,6,6000,1585165376937,00:33.3,,bookmark,6,6,6000,1585165378537,00:35.0,"external link",bookmark,6,7,5750,1585165381220,00:37.8,"external link",,6,7,5750,1585165382784,00:39.5,"external link",bookmark,6,8,5500,1585165385462,00:42.3,"external link",,6,8,5500,1585165387882,00:44.8,"external link",bookmark,6,9,5250,1585165389002,00:46.0,,bookmark,6,9,5250,1585165390918,00:48.0,bookmark,bookmark,7,10,6250,1585165394165,00:51.3,,sign-in,7,10,6250,1585165395560,00:52.8,sign-in,sign-in,8,11,7250,1585165398398,00:55.8,,favorite,8,11,7250,1585165399495,00:57.0,favorite,favorite,9,12,8250,1585165404427,01:02.2,money,,9,12,8250,1585165405745,01:03.6,money,money,10,13,9250,1585165406945,01:04.8,,user,10,13,9250,1585165408177,01:06.1,user,user,11,14,10250,1585165409226,01:07.2,"bus route",,11,14,10250,1585165410440,01:08.5,"bus route","bus route",12,15,11250,1585165411491,01:09.5,,delete,12,15,11250,1585165412924,01:11.1,security,delete,12,16,11000,1585165414555,01:12.7,,delete,12,16,11000,1585165415771,01:14.1,security,delete,12,17,10750,1585165416874,01:15.2,delete,,12,17,10750,1585165418437,01:16.8,delete,delete,13,18,11750,1585165420323,01:18.7,,"external link",13,18,11750,1585165421188,01:19.7,"external link","external link",14,19,12750,1585165424737,01:23.4,"request service",,14,19,12750,1585165425554,01:24.3,"request service","request service",15,20,13750,1585165427245,01:26.1,edit,,15,20,13750,1585165428467,01:27.4,edit,edit,16,21,14750,1585165430270,01:29.3,security,,16,21,14750,1585165432385,01:31.5,security,security,17,22,15750,1585165433450,01:32.6,,announcement,17,22,15750,1585165434484,01:33.7,announcement,announcement,18,23,16750

